date,cours_brent_usd
2015-01-02,56.41999816894531
2015-01-05,53.11000061035156
2015-01-06,51.099998474121094
2015-01-07,51.150001525878906
2015-01-08,50.959999084472656
2015-01-09,50.11000061035156
2015-01-12,47.43000030517578
2015-01-13,46.59000015258789
2015-01-14,48.689998626708984
2015-01-15,47.66999816894531
2015-01-16,47.689998626708984
2015-01-20,47.9900016784668
2015-01-21,49.029998779296875
2015-01-22,48.52000045776367
2015-01-23,48.790000915527344
2015-01-26,48.15999984741211
2015-01-27,49.599998474121094
2015-01-28,48.470001220703125
2015-01-29,49.130001068115234
2015-01-30,52.9900016784668
2015-02-02,54.75
2015-02-03,57.90999984741211
2015-02-04,54.15999984741211
2015-02-05,56.56999969482422
2015-02-06,57.79999923706055
2015-02-09,58.34000015258789
2015-02-10,56.43000030517578
2015-02-11,54.65999984741211
2015-02-12,57.04999923706055
2015-02-13,57.38999938964844
2015-02-17,62.529998779296875
2015-02-18,60.529998779296875
2015-02-19,60.209999084472656
2015-02-20,60.220001220703125
2015-02-23,58.900001525878906
2015-02-24,58.65999984741211
2015-02-25,61.630001068115234
2015-02-26,60.04999923706055
2015-02-27,62.58000183105469
2015-03-02,59.540000915527344
2015-03-03,61.02000045776367
2015-03-04,60.54999923706055
2015-03-05,60.47999954223633
2015-03-06,59.72999954223633
2015-03-09,58.529998779296875
2015-03-10,56.38999938964844
2015-03-11,57.540000915527344
2015-03-12,57.08000183105469
2015-03-13,54.66999816894531
2015-03-16,53.439998626708984
2015-03-17,53.43000030517578
2015-03-18,55.90999984741211
2015-03-19,54.43000030517578
2015-03-20,55.31999969482422
2015-03-23,55.91999816894531
2015-03-24,55.11000061035156
2015-03-25,56.47999954223633
2015-03-26,59.189998626708984
2015-03-27,56.40999984741211
2015-03-30,56.290000915527344
2015-03-31,55.11000061035156
2015-04-01,57.099998474121094
2015-04-02,54.95000076293945
2015-04-06,58.119998931884766
2015-04-07,59.099998474121094
2015-04-08,55.54999923706055
2015-04-09,56.56999969482422
2015-04-10,57.869998931884766
2015-04-13,57.93000030517578
2015-04-14,58.43000030517578
2015-04-15,60.31999969482422
2015-04-16,60.400001525878906
2015-04-17,63.45000076293945
2015-04-20,63.45000076293945
2015-04-21,62.08000183105469
2015-04-22,62.72999954223633
2015-04-23,64.8499984741211
2015-04-24,65.27999877929688
2015-04-27,64.83000183105469
2015-04-28,64.63999938964844
2015-04-29,65.83999633789062
2015-04-30,66.77999877929688
2015-05-01,66.45999908447266
2015-05-04,66.44999694824219
2015-05-05,67.5199966430664
2015-05-06,67.7699966430664
2015-05-07,65.54000091552734
2015-05-08,65.38999938964844
2015-05-11,64.91000366210938
2015-05-12,66.86000061035156
2015-05-13,66.80999755859375
2015-05-14,66.58999633789062
2015-05-15,66.56999969482422
2015-05-18,66.2699966430664
2015-05-19,64.0199966430664
2015-05-20,65.02999877929688
2015-05-21,66.54000091552734
2015-05-22,65.37000274658203
2015-05-26,63.720001220703125
2015-05-27,62.060001373291016
2015-05-28,62.58000183105469
2015-05-29,65.55999755859375
2015-06-01,64.87999725341797
2015-06-02,65.48999786376953
2015-06-03,63.79999923706055
2015-06-04,62.029998779296875
2015-06-05,63.310001373291016
2015-06-08,62.689998626708984
2015-06-09,64.87999725341797
2015-06-10,65.69999694824219
2015-06-11,65.11000061035156
2015-06-12,63.869998931884766
2015-06-15,62.61000061035156
2015-06-16,62.630001068115234
2015-06-17,63.869998931884766
2015-06-18,64.26000213623047
2015-06-19,63.02000045776367
2015-06-22,63.34000015258789
2015-06-23,64.44999694824219
2015-06-24,63.4900016784668
2015-06-25,63.20000076293945
2015-06-26,63.2599983215332
2015-06-29,62.0099983215332
2015-06-30,63.59000015258789
2015-07-01,62.0099983215332
2015-07-02,62.06999969482422
2015-07-06,56.540000915527344
2015-07-07,56.849998474121094
2015-07-08,57.04999923706055
2015-07-09,58.61000061035156
2015-07-10,58.72999954223633
2015-07-13,57.849998474121094
2015-07-14,58.5099983215332
2015-07-15,57.04999923706055
2015-07-16,57.5099983215332
2015-07-17,57.52000045776367
2015-07-20,56.650001525878906
2015-07-21,57.040000915527344
2015-07-22,56.130001068115234
2015-07-23,55.27000045776367
2015-07-24,54.619998931884766
2015-07-27,53.470001220703125
2015-07-28,53.29999923706055
2015-07-29,53.380001068115234
2015-07-30,53.310001373291016
2015-07-31,52.209999084472656
2015-08-03,49.52000045776367
2015-08-04,49.9900016784668
2015-08-05,49.59000015258789
2015-08-06,49.52000045776367
2015-08-07,48.61000061035156
2015-08-10,50.40999984741211
2015-08-11,49.18000030517578
2015-08-12,49.65999984741211
2015-08-13,49.220001220703125
2015-08-14,49.029998779296875
2015-08-17,49.029998779296875
2015-08-18,48.810001373291016
2015-08-19,47.15999984741211
2015-08-20,46.619998931884766
2015-08-21,45.459999084472656
2015-08-24,42.689998626708984
2015-08-25,43.209999084472656
2015-08-26,43.13999938964844
2015-08-27,47.560001373291016
2015-08-28,50.04999923706055
2015-08-31,54.150001525878906
2015-09-01,49.560001373291016
2015-09-02,50.5
2015-09-03,50.68000030517578
2015-09-04,49.61000061035156
2015-09-08,49.52000045776367
2015-09-09,47.58000183105469
2015-09-10,48.88999938964844
2015-09-11,48.13999938964844
2015-09-14,46.369998931884766
2015-09-15,46.630001068115234
2015-09-16,46.61000061035156
2015-09-17,49.08000183105469
2015-09-18,47.470001220703125
2015-09-21,48.91999816894531
2015-09-22,49.08000183105469
2015-09-23,47.75
2015-09-24,48.16999816894531
2015-09-25,48.599998474121094
2015-09-28,47.34000015258789
2015-09-29,48.22999954223633
2015-09-30,48.369998931884766
2015-10-01,47.689998626708984
2015-10-02,48.130001068115234
2015-10-05,49.25
2015-10-06,51.91999816894531
2015-10-07,51.33000183105469
2015-10-08,53.04999923706055
2015-10-09,52.650001525878906
2015-10-12,49.86000061035156
2015-10-13,49.2400016784668
2015-10-14,49.150001525878906
2015-10-15,48.709999084472656
2015-10-16,48.72999954223633
2015-10-19,48.61000061035156
2015-10-20,48.709999084472656
2015-10-21,47.849998474121094
2015-10-22,48.08000183105469
2015-10-23,47.9900016784668
2015-10-26,47.540000915527344
2015-10-27,46.810001373291016
2015-10-28,49.04999923706055
2015-10-29,48.79999923706055
2015-10-30,49.560001373291016
2015-11-02,48.790000915527344
2015-11-03,50.540000915527344
2015-11-04,48.58000183105469
2015-11-05,47.97999954223633
2015-11-06,47.41999816894531
2015-11-09,47.189998626708984
2015-11-10,47.439998626708984
2015-11-11,45.810001373291016
2015-11-12,44.060001373291016
2015-11-13,43.61000061035156
2015-11-16,43.58000183105469
2015-11-17,43.56999969482422
2015-11-18,44.13999938964844
2015-11-19,44.18000030517578
2015-11-20,44.65999984741211
2015-11-23,44.83000183105469
2015-11-24,46.119998931884766
2015-11-25,46.16999816894531
2015-11-27,44.86000061035156
2015-11-30,44.61000061035156
2015-12-01,44.439998626708984
2015-12-02,42.4900016784668
2015-12-03,43.84000015258789
2015-12-04,43.0
2015-12-07,40.72999954223633
2015-12-08,40.2599983215332
2015-12-09,40.11000061035156
2015-12-10,39.72999954223633
2015-12-11,37.93000030517578
2015-12-14,37.91999816894531
2015-12-15,38.45000076293945
2015-12-16,37.189998626708984
2015-12-17,37.18000030517578
2015-12-18,36.880001068115234
2015-12-21,36.349998474121094
2015-12-22,36.11000061035156
2015-12-23,37.36000061035156
2015-12-24,37.88999938964844
2015-12-28,36.619998931884766
2015-12-29,37.790000915527344
2015-12-30,36.459999084472656
2015-12-31,37.279998779296875
2016-01-04,37.220001220703125
2016-01-05,36.41999816894531
2016-01-06,34.22999954223633
2016-01-07,33.75
2016-01-08,33.54999923706055
2016-01-11,31.549999237060547
2016-01-12,30.860000610351562
2016-01-13,30.309999465942383
2016-01-14,31.030000686645508
2016-01-15,31.010000228881836
2016-01-19,28.760000228881836
2016-01-20,27.8799991607666
2016-01-21,29.25
2016-01-22,32.18000030517578
2016-01-25,30.5
2016-01-26,31.799999237060547
2016-01-27,33.099998474121094
2016-01-28,33.88999938964844
2016-01-29,34.7400016784668
2016-02-01,34.689998626708984
2016-02-02,32.720001220703125
2016-02-03,35.040000915527344
2016-02-04,34.459999084472656
2016-02-05,34.060001373291016
2016-02-08,32.880001068115234
2016-02-09,30.31999969482422
2016-02-10,30.84000015258789
2016-02-11,30.059999465942383
2016-02-12,33.36000061035156
2016-02-16,32.18000030517578
2016-02-17,34.5
2016-02-18,34.279998779296875
2016-02-19,33.0099983215332
2016-02-22,34.689998626708984
2016-02-23,33.27000045776367
2016-02-24,34.40999984741211
2016-02-25,35.290000915527344
2016-02-26,35.099998474121094
2016-02-29,35.970001220703125
2016-03-01,35.959999084472656
2016-03-02,36.93000030517578
2016-03-03,37.06999969482422
2016-03-04,38.720001220703125
2016-03-07,40.84000015258789
2016-03-08,39.650001525878906
2016-03-09,41.06999969482422
2016-03-10,40.04999923706055
2016-03-11,40.38999938964844
2016-03-14,39.529998779296875
2016-03-15,38.7400016784668
2016-03-16,40.33000183105469
2016-03-17,41.540000915527344
2016-03-18,41.20000076293945
2016-03-21,41.540000915527344
2016-03-22,41.790000915527344
2016-03-23,40.470001220703125
2016-03-24,40.439998626708984
2016-03-28,40.27000045776367
2016-03-29,39.13999938964844
2016-03-30,39.2599983215332
2016-03-31,39.599998474121094
2016-04-01,39.65999984741211
2016-04-04,37.689998626708984
2016-04-05,37.869998931884766
2016-04-06,39.84000015258789
2016-04-07,39.43000030517578
2016-04-08,41.939998626708984
2016-04-11,42.83000183105469
2016-04-12,44.689998626708984
2016-04-13,44.18000030517578
2016-04-14,43.84000015258789
2016-04-15,43.099998474121094
2016-04-18,42.90999984741211
2016-04-19,44.029998779296875
2016-04-20,45.79999923706055
2016-04-21,44.529998779296875
2016-04-22,45.11000061035156
2016-04-25,44.47999954223633
2016-04-26,45.7400016784668
2016-04-27,47.18000030517578
2016-04-28,48.13999938964844
2016-04-29,48.130001068115234
2016-05-02,48.099998474121094
2016-05-03,46.75
2016-05-04,44.619998931884766
2016-05-05,45.0099983215332
2016-05-06,45.369998931884766
2016-05-09,43.630001068115234
2016-05-10,45.52000045776367
2016-05-11,47.599998474121094
2016-05-12,48.08000183105469
2016-05-13,47.83000183105469
2016-05-16,48.970001220703125
2016-05-17,49.279998779296875
2016-05-18,48.93000030517578
2016-05-19,48.810001373291016
2016-05-20,48.720001220703125
2016-05-23,48.349998474121094
2016-05-24,48.61000061035156
2016-05-25,49.7400016784668
2016-05-26,49.59000015258789
2016-05-27,49.31999969482422
2016-05-31,49.689998626708984
2016-06-01,49.709999084472656
2016-06-02,50.040000915527344
2016-06-03,49.63999938964844
2016-06-06,50.54999923706055
2016-06-07,51.439998626708984
2016-06-08,52.5099983215332
2016-06-09,51.95000076293945
2016-06-10,50.540000915527344
2016-06-13,50.349998474121094
2016-06-14,49.83000183105469
2016-06-15,48.970001220703125
2016-06-16,47.189998626708984
2016-06-17,49.16999816894531
2016-06-20,50.650001525878906
2016-06-21,50.619998931884766
2016-06-22,49.880001068115234
2016-06-23,50.90999984741211
2016-06-24,48.40999984741211
2016-06-27,47.15999984741211
2016-06-28,48.58000183105469
2016-06-29,50.61000061035156
2016-06-30,49.68000030517578
2016-07-01,49.84000015258789
2016-07-05,47.959999084472656
2016-07-06,48.79999923706055
2016-07-07,46.400001525878906
2016-07-08,46.7599983215332
2016-07-11,46.25
2016-07-12,48.470001220703125
2016-07-13,46.2599983215332
2016-07-14,47.369998931884766
2016-07-15,47.61000061035156
2016-07-18,46.959999084472656
2016-07-19,46.65999984741211
2016-07-20,47.16999816894531
2016-07-21,46.20000076293945
2016-07-22,45.689998626708984
2016-07-25,44.720001220703125
2016-07-26,44.869998931884766
2016-07-27,43.470001220703125
2016-07-28,42.70000076293945
2016-07-29,42.459999084472656
2016-08-01,42.45000076293945
2016-08-02,41.79999923706055
2016-08-03,43.099998474121094
2016-08-04,44.290000915527344
2016-08-05,44.27000045776367
2016-08-08,45.38999938964844
2016-08-09,44.97999954223633
2016-08-10,44.04999923706055
2016-08-11,46.040000915527344
2016-08-12,46.970001220703125
2016-08-15,48.349998474121094
2016-08-16,49.22999954223633
2016-08-17,49.849998474121094
2016-08-18,50.88999938964844
2016-08-19,50.880001068115234
2016-08-22,49.15999984741211
2016-08-23,49.959999084472656
2016-08-24,49.04999923706055
2016-08-25,49.66999816894531
2016-08-26,49.91999816894531
2016-08-29,49.2599983215332
2016-08-30,48.369998931884766
2016-08-31,47.040000915527344
2016-09-01,47.04999923706055
2016-09-02,46.83000183105469
2016-09-06,47.2599983215332
2016-09-07,47.97999954223633
2016-09-08,49.9900016784668
2016-09-09,48.0099983215332
2016-09-12,48.31999969482422
2016-09-13,47.099998474121094
2016-09-14,45.849998474121094
2016-09-15,46.59000015258789
2016-09-16,45.77000045776367
2016-09-19,45.95000076293945
2016-09-20,45.880001068115234
2016-09-21,46.83000183105469
2016-09-22,47.650001525878906
2016-09-23,45.88999938964844
2016-09-26,47.349998474121094
2016-09-27,45.970001220703125
2016-09-28,48.689998626708984
2016-09-29,49.2400016784668
2016-09-30,49.060001373291016
2016-10-03,49.099998474121094
2016-10-04,50.869998931884766
2016-10-05,51.86000061035156
2016-10-06,52.5099983215332
2016-10-07,51.93000030517578
2016-10-11,52.40999984741211
2016-10-12,51.810001373291016
2016-10-13,52.029998779296875
2016-10-14,51.95000076293945
2016-10-17,51.52000045776367
2016-10-18,51.68000030517578
2016-10-19,52.66999816894531
2016-10-20,51.380001068115234
2016-10-21,51.779998779296875
2016-10-24,51.459999084472656
2016-10-25,50.790000915527344
2016-10-26,49.97999954223633
2016-10-27,50.470001220703125
2016-10-28,49.709999084472656
2016-10-31,48.29999923706055
2016-11-01,48.33000183105469
2016-11-02,46.86000061035156
2016-11-03,46.349998474121094
2016-11-04,45.58000183105469
2016-11-07,46.150001525878906
2016-11-08,46.040000915527344
2016-11-09,46.36000061035156
2016-11-10,45.84000015258789
2016-11-14,44.43000030517578
2016-11-15,46.95000076293945
2016-11-16,46.630001068115234
2016-11-17,46.4900016784668
2016-11-18,46.86000061035156
2016-11-21,48.900001525878906
2016-11-22,49.119998931884766
2016-11-23,48.95000076293945
2016-11-25,47.2400016784668
2016-11-28,48.2400016784668
2016-11-29,46.380001068115234
2016-11-30,50.470001220703125
2016-12-01,50.459999084472656
2016-12-02,54.459999084472656
2016-12-05,54.939998626708984
2016-12-06,53.93000030517578
2016-12-07,53.0
2016-12-08,53.88999938964844
2016-12-09,54.33000183105469
2016-12-12,55.689998626708984
2016-12-13,55.720001220703125
2016-12-14,53.900001525878906
2016-12-15,54.02000045776367
2016-12-16,55.209999084472656
2016-12-19,54.91999816894531
2016-12-20,55.349998474121094
2016-12-21,54.459999084472656
2016-12-22,55.04999923706055
2016-12-23,55.15999984741211
2016-12-27,56.09000015258789
2016-12-28,56.220001220703125
2016-12-29,56.13999938964844
2016-12-30,56.130001068115234
2017-01-03,55.470001220703125
2017-01-04,56.459999084472656
2017-01-05,56.88999938964844
2017-01-06,57.099998474121094
2017-01-09,54.939998626708984
2017-01-10,53.63999938964844
2017-01-11,55.099998474121094
2017-01-12,56.0099983215332
2017-01-13,55.45000076293945
2017-01-17,55.470001220703125
2017-01-18,53.91999816894531
2017-01-19,54.15999984741211
2017-01-20,55.4900016784668
2017-01-23,55.22999954223633
2017-01-24,55.439998626708984
2017-01-25,55.08000183105469
2017-01-26,56.2400016784668
2017-01-27,55.52000045776367
2017-01-30,55.22999954223633
2017-01-31,55.70000076293945
2017-02-01,55.65999984741211
2017-02-02,56.560001373291016
2017-02-03,56.810001373291016
2017-02-06,55.720001220703125
2017-02-07,55.04999923706055
2017-02-08,55.119998931884766
2017-02-09,55.630001068115234
2017-02-10,56.70000076293945
2017-02-13,55.59000015258789
2017-02-14,55.970001220703125
2017-02-15,55.75
2017-02-16,55.650001525878906
2017-02-17,55.810001373291016
2017-02-21,56.65999984741211
2017-02-22,55.84000015258789
2017-02-23,56.58000183105469
2017-02-24,55.9900016784668
2017-02-27,55.93000030517578
2017-02-28,55.59000015258789
2017-03-01,55.599998474121094
2017-03-02,55.08000183105469
2017-03-03,55.900001525878906
2017-03-06,56.0099983215332
2017-03-07,55.91999816894531
2017-03-08,53.11000061035156
2017-03-09,52.189998626708984
2017-03-10,51.369998931884766
2017-03-13,51.349998474121094
2017-03-14,50.91999816894531
2017-03-15,51.810001373291016
2017-03-16,51.7400016784668
2017-03-17,51.7599983215332
2017-03-20,51.619998931884766
2017-03-21,50.959999084472656
2017-03-22,50.63999938964844
2017-03-23,50.560001373291016
2017-03-24,50.79999923706055
2017-03-27,50.75
2017-03-28,51.33000183105469
2017-03-29,52.41999816894531
2017-03-30,52.959999084472656
2017-03-31,52.83000183105469
2017-04-03,53.119998931884766
2017-04-04,54.16999816894531
2017-04-05,54.36000061035156
2017-04-06,54.88999938964844
2017-04-07,55.2400016784668
2017-04-10,55.97999954223633
2017-04-11,56.22999954223633
2017-04-12,55.86000061035156
2017-04-13,55.88999938964844
2017-04-17,55.36000061035156
2017-04-18,54.88999938964844
2017-04-19,52.93000030517578
2017-04-20,52.9900016784668
2017-04-21,51.959999084472656
2017-04-24,51.599998474121094
2017-04-25,52.099998474121094
2017-04-26,51.81999969482422
2017-04-27,51.439998626708984
2017-04-28,51.72999954223633
2017-05-01,51.52000045776367
2017-05-02,50.459999084472656
2017-05-03,50.790000915527344
2017-05-04,48.380001068115234
2017-05-05,49.099998474121094
2017-05-08,49.34000015258789
2017-05-09,48.72999954223633
2017-05-10,50.220001220703125
2017-05-11,50.77000045776367
2017-05-12,50.84000015258789
2017-05-15,51.81999969482422
2017-05-16,51.650001525878906
2017-05-17,52.209999084472656
2017-05-18,52.5099983215332
2017-05-19,53.61000061035156
2017-05-22,53.869998931884766
2017-05-23,54.150001525878906
2017-05-24,53.959999084472656
2017-05-25,51.459999084472656
2017-05-26,52.150001525878906
2017-05-30,51.84000015258789
2017-05-31,50.310001373291016
2017-06-01,50.33000183105469
2017-06-02,49.95000076293945
2017-06-05,49.470001220703125
2017-06-06,50.119998931884766
2017-06-07,48.060001373291016
2017-06-08,47.86000061035156
2017-06-09,48.150001525878906
2017-06-12,48.290000915527344
2017-06-13,48.720001220703125
2017-06-14,47.0
2017-06-15,46.91999816894531
2017-06-16,47.369998931884766
2017-06-19,46.90999984741211
2017-06-20,46.02000045776367
2017-06-21,44.81999969482422
2017-06-22,45.220001220703125
2017-06-23,45.540000915527344
2017-06-26,45.83000183105469
2017-06-27,46.650001525878906
2017-06-28,47.310001373291016
2017-06-29,47.41999816894531
2017-06-30,47.91999816894531
2017-07-03,49.68000030517578
2017-07-05,47.790000915527344
2017-07-06,48.11000061035156
2017-07-07,46.709999084472656
2017-07-10,46.880001068115234
2017-07-11,47.52000045776367
2017-07-12,47.7400016784668
2017-07-13,48.41999816894531
2017-07-14,48.90999984741211
2017-07-17,48.41999816894531
2017-07-18,48.84000015258789
2017-07-19,49.70000076293945
2017-07-20,49.29999923706055
2017-07-21,48.060001373291016
2017-07-24,48.599998474121094
2017-07-25,50.20000076293945
2017-07-26,50.970001220703125
2017-07-27,51.4900016784668
2017-07-28,52.52000045776367
2017-07-31,52.650001525878906
2017-08-01,52.630001068115234
2017-08-02,52.36000061035156
2017-08-03,52.0099983215332
2017-08-04,52.41999816894531
2017-08-07,52.369998931884766
2017-08-08,52.13999938964844
2017-08-09,52.70000076293945
2017-08-10,51.900001525878906
2017-08-11,52.099998474121094
2017-08-14,50.72999954223633
2017-08-15,50.79999923706055
2017-08-16,50.27000045776367
2017-08-17,51.029998779296875
2017-08-18,52.720001220703125
2017-08-21,51.65999984741211
2017-08-22,51.869998931884766
2017-08-23,52.56999969482422
2017-08-24,52.040000915527344
2017-08-25,52.40999984741211
2017-08-28,51.88999938964844
2017-08-29,52.0
2017-08-30,50.86000061035156
2017-08-31,52.380001068115234
2017-09-01,52.31999969482422
2017-09-05,53.380001068115234
2017-09-06,54.20000076293945
2017-09-07,54.4900016784668
2017-09-08,53.779998779296875
2017-09-11,53.84000015258789
2017-09-12,54.27000045776367
2017-09-13,55.15999984741211
2017-09-14,55.470001220703125
2017-09-15,55.619998931884766
2017-09-18,55.47999954223633
2017-09-19,55.13999938964844
2017-09-20,56.290000915527344
2017-09-21,56.43000030517578
2017-09-22,56.86000061035156
2017-09-25,59.02000045776367
2017-09-26,58.439998626708984
2017-09-27,57.900001525878906
2017-09-28,57.40999984741211
2017-09-29,57.540000915527344
2017-10-02,56.119998931884766
2017-10-03,56.0
2017-10-04,55.79999923706055
2017-10-05,57.0
2017-10-06,55.619998931884766
2017-10-09,55.790000915527344
2017-10-10,56.61000061035156
2017-10-11,56.939998626708984
2017-10-12,56.25
2017-10-13,57.16999816894531
2017-10-16,57.81999969482422
2017-10-17,57.880001068115234
2017-10-18,58.150001525878906
2017-10-19,57.22999954223633
2017-10-20,57.75
2017-10-23,57.369998931884766
2017-10-24,58.33000183105469
2017-10-25,58.439998626708984
2017-10-26,59.29999923706055
2017-10-27,60.439998626708984
2017-10-30,60.900001525878906
2017-10-31,61.369998931884766
2017-11-01,61.290000915527344
2017-11-02,60.619998931884766
2017-11-03,62.06999969482422
2017-11-06,64.2699966430664
2017-11-07,63.689998626708984
2017-11-08,63.4900016784668
2017-11-09,63.93000030517578
2017-11-10,63.52000045776367
2017-11-13,63.15999984741211
2017-11-14,62.209999084472656
2017-11-15,61.869998931884766
2017-11-16,61.36000061035156
2017-11-17,62.720001220703125
2017-11-20,62.220001220703125
2017-11-21,62.56999969482422
2017-11-22,63.31999969482422
2017-11-24,63.86000061035156
2017-11-27,63.84000015258789
2017-11-28,63.61000061035156
2017-11-29,63.11000061035156
2017-11-30,63.56999969482422
2017-12-01,63.4900016784668
2017-12-04,62.45000076293945
2017-12-05,62.86000061035156
2017-12-06,61.220001220703125
2017-12-07,62.20000076293945
2017-12-08,63.400001525878906
2017-12-11,64.69000244140625
2017-12-12,63.34000015258789
2017-12-13,62.439998626708984
2017-12-14,63.310001373291016
2017-12-15,63.22999954223633
2017-12-18,63.40999984741211
2017-12-19,63.79999923706055
2017-12-20,64.55999755859375
2017-12-21,64.9000015258789
2017-12-22,65.25
2017-12-26,67.0199966430664
2017-12-27,66.44000244140625
2017-12-28,66.72000122070312
2017-12-29,66.5999984741211
2018-01-02,66.56999969482422
2018-01-03,67.83999633789062
2018-01-04,68.06999969482422
2018-01-05,67.62000274658203
2018-01-08,67.77999877929688
2018-01-09,68.81999969482422
2018-01-10,69.19999694824219
2018-01-11,69.26000213623047
2018-01-12,69.87000274658203
2018-01-16,69.1500015258789
2018-01-17,69.37999725341797
2018-01-18,69.30999755859375
2018-01-19,68.61000061035156
2018-01-22,69.02999877929688
2018-01-23,69.95999908447266
2018-01-24,70.52999877929688
2018-01-25,70.41999816894531
2018-01-26,70.5199966430664
2018-01-29,69.45999908447266
2018-01-30,69.0199966430664
2018-01-31,69.05000305175781
2018-02-01,69.08000183105469
2018-02-02,68.58000183105469
2018-02-05,67.62000274658203
2018-02-06,66.86000061035156
2018-02-07,65.51000213623047
2018-02-08,64.80999755859375
2018-02-09,62.790000915527344
2018-02-12,62.59000015258789
2018-02-13,62.720001220703125
2018-02-14,64.36000061035156
2018-02-15,64.33000183105469
2018-02-16,64.83999633789062
2018-02-20,65.25
2018-02-21,65.41999816894531
2018-02-22,66.38999938964844
2018-02-23,67.30999755859375
2018-02-26,67.5
2018-02-27,66.62999725341797
2018-02-28,65.77999877929688
2018-03-01,65.70999908447266
2018-03-02,64.37000274658203
2018-03-05,65.54000091552734
2018-03-06,65.79000091552734
2018-03-07,64.33999633789062
2018-03-08,63.61000061035156
2018-03-09,65.48999786376953
2018-03-12,64.94999694824219
2018-03-13,64.63999938964844
2018-03-14,64.88999938964844
2018-03-15,65.12000274658203
2018-03-16,66.20999908447266
2018-03-19,66.05000305175781
2018-03-20,67.41999816894531
2018-03-21,69.47000122070312
2018-03-22,68.91000366210938
2018-03-23,70.44999694824219
2018-03-26,70.12000274658203
2018-03-27,70.11000061035156
2018-03-28,69.52999877929688
2018-03-29,70.2699966430664
2018-04-02,67.63999938964844
2018-04-03,68.12000274658203
2018-04-04,68.0199966430664
2018-04-05,68.33000183105469
2018-04-06,67.11000061035156
2018-04-09,68.6500015258789
2018-04-10,71.04000091552734
2018-04-11,72.05999755859375
2018-04-12,72.0199966430664
2018-04-13,72.58000183105469
2018-04-16,71.41999816894531
2018-04-17,71.58000183105469
2018-04-18,73.4800033569336
2018-04-19,73.77999877929688
2018-04-20,74.05999755859375
2018-04-23,74.70999908447266
2018-04-24,73.86000061035156
2018-04-25,74.0
2018-04-26,74.73999786376953
2018-04-27,74.63999938964844
2018-04-30,75.16999816894531
2018-05-01,75.16999816894531
2018-05-02,73.36000061035156
2018-05-03,73.62000274658203
2018-05-04,74.87000274658203
2018-05-07,76.16999816894531
2018-05-08,74.8499984741211
2018-05-09,77.20999908447266
2018-05-10,77.47000122070312
2018-05-11,77.12000274658203
2018-05-14,78.2300033569336
2018-05-15,78.43000030517578
2018-05-16,79.27999877929688
2018-05-17,79.30000305175781
2018-05-18,78.51000213623047
2018-05-21,79.22000122070312
2018-05-22,79.56999969482422
2018-05-23,79.80000305175781
2018-05-24,78.79000091552734
2018-05-25,76.44000244140625
2018-05-29,75.38999938964844
2018-05-30,77.5
2018-05-31,77.58999633789062
2018-06-01,77.58999633789062
2018-06-04,75.29000091552734
2018-06-05,75.37999725341797
2018-06-06,75.36000061035156
2018-06-07,77.31999969482422
2018-06-08,76.45999908447266
2018-06-11,76.45999908447266
2018-06-12,75.87999725341797
2018-06-13,76.73999786376953
2018-06-14,75.94000244140625
2018-06-15,73.44000244140625
2018-06-18,75.33999633789062
2018-06-19,75.08000183105469
2018-06-20,74.73999786376953
2018-06-21,73.05000305175781
2018-06-22,75.55000305175781
2018-06-25,74.7300033569336
2018-06-26,76.30999755859375
2018-06-27,77.62000274658203
2018-06-28,77.8499984741211
2018-06-29,79.44000244140625
2018-07-02,77.30000305175781
2018-07-03,77.76000213623047
2018-07-05,77.38999938964844
2018-07-06,77.11000061035156
2018-07-09,78.06999969482422
2018-07-10,78.86000061035156
2018-07-11,73.4000015258789
2018-07-12,74.44999694824219
2018-07-13,75.33000183105469
2018-07-16,71.83999633789062
2018-07-17,72.16000366210938
2018-07-18,72.9000015258789
2018-07-19,72.58000183105469
2018-07-20,73.06999969482422
2018-07-23,73.05999755859375
2018-07-24,73.44000244140625
2018-07-25,73.93000030517578
2018-07-26,74.54000091552734
2018-07-27,74.29000091552734
2018-07-30,74.97000122070312
2018-07-31,74.25
2018-08-01,74.25
2018-08-02,73.44999694824219
2018-08-03,73.20999908447266
2018-08-06,73.75
2018-08-07,74.6500015258789
2018-08-08,72.27999877929688
2018-08-09,72.06999969482422
2018-08-10,72.80999755859375
2018-08-13,72.61000061035156
2018-08-14,72.45999908447266
2018-08-15,70.76000213623047
2018-08-16,71.43000030517578
2018-08-17,71.83000183105469
2018-08-20,72.20999908447266
2018-08-21,72.62999725341797
2018-08-22,74.77999877929688
2018-08-23,74.7300033569336
2018-08-24,75.81999969482422
2018-08-27,76.20999908447266
2018-08-28,75.94999694824219
2018-08-29,77.13999938964844
2018-08-30,77.7699966430664
2018-08-31,77.41999816894531
2018-09-04,78.16999816894531
2018-09-05,77.2699966430664
2018-09-06,76.5
2018-09-07,76.83000183105469
2018-09-10,77.37000274658203
2018-09-11,79.05999755859375
2018-09-12,79.73999786376953
2018-09-13,78.18000030517578
2018-09-14,78.08999633789062
2018-09-17,78.05000305175781
2018-09-18,79.02999877929688
2018-09-19,79.4000015258789
2018-09-20,78.69999694824219
2018-09-21,78.80000305175781
2018-09-24,81.19999694824219
2018-09-25,81.87000274658203
2018-09-26,81.33999633789062
2018-09-27,81.72000122070312
2018-09-28,82.72000122070312
2018-10-01,84.9800033569336
2018-10-02,84.80000305175781
2018-10-03,86.29000091552734
2018-10-04,84.58000183105469
2018-10-05,84.16000366210938
2018-10-08,83.91000366210938
2018-10-09,85.0
2018-10-10,83.08999633789062
2018-10-11,80.26000213623047
2018-10-12,80.43000030517578
2018-10-15,80.77999877929688
2018-10-16,81.41000366210938
2018-10-17,80.05000305175781
2018-10-18,79.29000091552734
2018-10-19,79.77999877929688
2018-10-22,79.83000183105469
2018-10-23,76.44000244140625
2018-10-24,76.16999816894531
2018-10-25,76.88999938964844
2018-10-26,77.62000274658203
2018-10-29,77.33999633789062
2018-10-30,75.91000366210938
2018-10-31,75.47000122070312
2018-11-01,75.5
2018-11-02,72.83000183105469
2018-11-05,73.16999816894531
2018-11-06,72.12999725341797
2018-11-07,72.06999969482422
2018-11-08,70.6500015258789
2018-11-09,70.18000030517578
2018-11-12,70.12000274658203
2018-11-13,65.47000122070312
2018-11-14,66.12000274658203
2018-11-15,66.62000274658203
2018-11-16,66.76000213623047
2018-11-19,66.79000091552734
2018-11-20,62.529998779296875
2018-11-21,63.47999954223633
2018-11-23,58.79999923706055
2018-11-26,60.47999954223633
2018-11-27,60.209999084472656
2018-11-28,58.7599983215332
2018-11-29,59.5099983215332
2018-11-30,58.709999084472656
2018-12-03,61.689998626708984
2018-12-04,62.08000183105469
2018-12-06,60.060001373291016
2018-12-07,61.66999816894531
2018-12-10,59.970001220703125
2018-12-11,60.20000076293945
2018-12-12,60.150001525878906
2018-12-13,61.45000076293945
2018-12-14,60.279998779296875
2018-12-17,59.61000061035156
2018-12-18,56.2599983215332
2018-12-19,57.2400016784668
2018-12-20,54.349998474121094
2018-12-21,53.81999969482422
2018-12-24,50.470001220703125
2018-12-26,54.470001220703125
2018-12-27,52.15999984741211
2018-12-28,52.20000076293945
